Epoch,Episodio,Tiempo(s),CPU(%),RAM(MB),GPU_mem(MB)
1.0,1.0,0.7568556169990188,54.0,887.49609375,8.162109375
1.0,2.0,0.23735484099961468,6.4,887.55078125,8.162109375
1.0,3.0,0.21518963999915286,6.7,887.56640625,8.162109375
1.0,4.0,0.332143770001494,0.0,887.5703125,8.162109375
1.0,5.0,0.049082871999416966,50.0,887.6171875,8.162109375
1.0,6.0,0.3410082250011328,2.9,887.65234375,8.162109375
1.0,7.0,0.27286023600026965,7.3,887.67578125,8.162109375
1.0,8.0,0.3056755020006676,8.2,887.72265625,8.162109375
1.0,9.0,0.23533947299983993,42.6,887.75390625,8.162109375
1.0,10.0,0.06999604100019496,100.0,887.796875,8.162109375
1.0,11.0,0.30527749599968956,62.3,887.82421875,8.162109375
1.0,12.0,0.2793697039996914,55.4,887.85546875,8.162109375
1.0,13.0,0.2251904540007672,52.3,887.859375,8.162109375
1.0,14.0,0.23759286400127166,57.4,887.859375,8.162109375
1.0,15.0,0.24408318200039503,64.0,887.859375,8.162109375
1.0,16.0,1.0858603969991236,38.2,1098.94921875,17.28759765625
1.0,17.0,0.2220564060007746,2.3,1098.97265625,17.28759765625
1.0,18.0,0.3791202169995813,1.3,1098.9921875,17.28759765625
1.0,19.0,0.2116873699997086,2.4,1099.03125,17.28759765625
1.0,20.0,0.29416292300084024,11.9,1099.109375,17.28759765625
1.0,21.0,0.2736427579984593,3.7,1099.1640625,17.28759765625
1.0,22.0,0.3603365599992685,1.4,1099.18359375,17.28759765625
1.0,23.0,0.22899292399961269,22.9,1099.234375,17.28759765625
1.0,24.0,0.33860723599900666,6.0,1099.2734375,17.28759765625
1.0,25.0,0.21485501200004364,2.4,1099.31640625,17.28759765625
1.0,26.0,0.372684300000401,2.6,1099.34375,17.28759765625
1.0,27.0,0.25062977200104797,6.1,1099.3671875,17.28759765625
1.0,28.0,0.2311356859991065,6.2,1099.3671875,17.28759765625
1.0,29.0,0.2450494870008697,2.0,1099.37890625,17.28759765625
1.0,30.0,0.21084421600062342,2.4,1099.38671875,17.28759765625
1.0,31.0,0.23981115899914585,8.5,1099.40625,17.28759765625
1.0,32.0,0.23423463099970832,6.2,1099.42578125,17.28759765625
1.0,33.0,0.23830362999979116,8.3,1099.44921875,17.28759765625
1.0,34.0,0.22741052499986836,8.9,1099.484375,17.28759765625
1.0,35.0,0.25202789200011466,8.0,1099.4921875,17.28759765625
1.0,36.0,0.22111322699856828,4.5,1099.51953125,17.28759765625
1.0,37.0,0.2137904499995784,2.3,1099.53125,17.28759765625
1.0,38.0,0.193968142999438,2.6,1099.546875,17.28759765625
1.0,39.0,0.2321795989992097,4.3,1099.58203125,17.28759765625
1.0,40.0,0.1842042930002208,10.8,1099.6015625,17.28759765625
1.0,41.0,0.19870594999883906,0.0,1099.609375,17.28759765625
1.0,42.0,0.05365521600106149,54.5,1099.7109375,17.28759765625
1.0,43.0,0.21758767300161708,4.7,1099.78125,17.28759765625
1.0,44.0,0.4203095510001731,3.5,1099.78125,17.28759765625
1.0,45.0,0.4619262220003293,3.3,1099.79296875,17.28759765625
1.0,46.0,0.34504611500051396,4.3,1099.8125,17.28759765625
1.0,47.0,0.312847494999005,3.2,1099.828125,17.28759765625
1.0,48.0,0.3115813280001021,6.3,1099.84765625,17.28759765625
1.0,49.0,0.0541244159994676,54.5,1099.91015625,17.28759765625
1.0,50.0,0.207333264999761,2.4,1099.93359375,17.28759765625
1.0,51.0,0.20990845000051195,2.3,1099.94140625,17.28759765625
1.0,52.0,0.2113429269993503,11.9,1099.98046875,17.28759765625
1.0,53.0,0.33328938099839434,28.1,1100.03125,17.28759765625
1.0,54.0,0.19080943900007696,55.3,1100.05859375,17.28759765625
1.0,55.0,0.2375728210008674,57.1,1100.08984375,17.28759765625
1.0,56.0,0.2898067740006809,58.6,1100.12890625,17.28759765625
1.0,57.0,0.24639605899938033,53.1,1100.15625,17.28759765625
1.0,58.0,0.27284463599971787,60.0,1100.1953125,17.28759765625
1.0,59.0,0.20289899799900013,65.0,1100.21484375,17.28759765625
1.0,60.0,0.08554416799961473,100.0,1100.30078125,17.28759765625
1.0,61.0,0.39952337199974863,30.8,1100.32421875,17.28759765625
1.0,62.0,0.2716612210006133,1.8,1100.328125,17.28759765625
1.0,63.0,0.25560314299946185,3.8,1100.34765625,17.28759765625
1.0,64.0,0.32892726399950334,10.8,1100.390625,17.28759765625
1.0,65.0,0.23402954999983194,6.5,1100.4453125,17.28759765625
1.0,66.0,0.22698243699960585,4.3,1100.51171875,17.28759765625
1.0,67.0,0.3928952640017087,2.5,1100.52734375,17.28759765625
1.0,68.0,0.2075549469991529,9.8,1100.5390625,17.28759765625
1.0,69.0,0.3668049379994045,2.7,1100.5625,17.28759765625
1.0,70.0,0.22987989399916842,2.2,1100.5703125,17.28759765625
1.0,71.0,0.25772431299992604,3.8,1100.62109375,17.28759765625
1.0,72.0,0.23008801700052572,6.7,1100.62109375,17.28759765625
1.0,73.0,0.2989846540003782,6.6,1100.64453125,17.28759765625
1.0,74.0,0.1941657999996096,2.6,1100.65234375,17.28759765625
1.0,75.0,0.21593438900163164,2.4,1100.671875,17.28759765625
1.0,76.0,0.25593229999867617,7.7,1100.6796875,17.28759765625
1.0,77.0,0.4000789210003859,7.6,1100.703125,17.28759765625
1.0,78.0,0.2478500739998708,3.9,1100.70703125,17.28759765625
1.0,79.0,0.2412511459988309,8.3,1100.7109375,17.28759765625
1.0,80.0,0.4221231119990989,1.2,1100.7109375,17.28759765625
1.0,81.0,0.33714030100236414,2.9,1100.71484375,17.28759765625
1.0,82.0,0.40435434200117015,3.8,1100.71484375,17.28759765625
1.0,83.0,0.21858462499949383,2.3,1100.71875,17.28759765625
1.0,84.0,0.2360408130007272,6.4,1100.71875,17.28759765625
1.0,85.0,0.19905791400015005,2.6,1100.72265625,17.28759765625
1.0,86.0,0.40052671800003736,6.3,1100.72265625,17.28759765625
1.0,87.0,0.2167259239977284,2.3,1100.72265625,17.28759765625
1.0,88.0,2.522581891997106,3.4,1100.7265625,17.28759765625
1.0,89.0,0.08453475900023477,100.0,1100.7578125,17.28759765625
1.0,90.0,1.6218102359998738,52.6,1100.76953125,17.28759765625
1.0,91.0,0.36533307599893305,0.0,1100.7734375,17.28759765625
1.0,92.0,0.23272751400145353,12.8,1100.7890625,17.28759765625
1.0,93.0,0.24869750899961218,6.0,1100.80078125,17.28759765625
1.0,94.0,0.2679686170013156,3.7,1100.8046875,17.28759765625
1.0,95.0,0.22138514099788154,6.8,1100.8046875,17.28759765625
1.0,96.0,0.2642841640008555,7.4,1100.8046875,17.28759765625
1.0,97.0,0.25785042099960265,4.0,1100.8203125,17.28759765625
1.0,98.0,0.2536796750027861,17.6,1100.828125,17.28759765625
1.0,99.0,0.25994019800054957,3.9,1100.83984375,17.28759765625
1.0,100.0,0.20136592400012887,12.2,1100.85546875,17.28759765625
2.0,1.0,0.232247075997293,4.3,1100.87890625,17.28759765625
2.0,2.0,0.24754283799848054,2.0,1100.91015625,17.28759765625
2.0,3.0,0.25260341000102926,2.0,1100.9296875,17.28759765625
2.0,4.0,0.25676854500125046,7.8,1100.94921875,17.28759765625
2.0,5.0,0.5137297939982091,4.8,1100.9609375,17.28759765625
2.0,6.0,0.19291013999827555,2.6,1100.96484375,17.28759765625
2.0,7.0,0.05495616600092035,53.8,1100.984375,17.28759765625
2.0,8.0,0.22508315999948536,13.6,1101.00390625,17.28759765625
2.0,9.0,0.20502162499906262,0.0,1101.00390625,17.28759765625
2.0,10.0,0.20424491100129671,4.9,1101.0078125,17.28759765625
2.0,11.0,0.22770116999890888,4.4,1101.01953125,17.28759765625
2.0,12.0,0.26519906600151444,3.8,1101.0625,17.28759765625
2.0,13.0,0.44324846399831586,3.4,1101.06640625,17.28759765625
2.0,14.0,0.45246143199983635,3.3,1101.07421875,17.28759765625
2.0,15.0,0.2495284759970673,7.8,1101.09375,17.28759765625
2.0,16.0,0.1828319569976884,0.0,1101.09765625,17.28759765625
2.0,17.0,0.3015031260001706,5.0,1101.1015625,17.28759765625
2.0,18.0,0.236383563002164,2.1,1101.109375,17.28759765625
2.0,19.0,0.46927221399892005,5.3,1101.12109375,17.28759765625
2.0,20.0,0.24396535499909078,4.2,1101.1640625,17.28759765625
2.0,21.0,0.2509801960004552,4.0,1101.1796875,17.28759765625
2.0,22.0,0.23887675199875957,4.2,1101.19140625,17.28759765625
2.0,23.0,0.2699584350011719,7.4,1101.1953125,17.28759765625
2.0,24.0,0.3332803689991124,0.0,1101.1953125,17.28759765625
2.0,25.0,0.18644743299955735,5.3,1101.21484375,17.28759765625
2.0,26.0,0.26956554600110394,3.7,1101.21484375,17.28759765625
2.0,27.0,0.33276481100256206,18.2,1101.21484375,17.28759765625
2.0,28.0,0.22675529699699837,57.8,1101.22265625,17.28759765625
2.0,29.0,0.24294976900273468,58.3,1101.22265625,17.28759765625
2.0,30.0,0.20630771700234618,53.7,1101.22265625,17.28759765625
2.0,31.0,0.22095833300045342,62.2,1101.23828125,17.28759765625
2.0,32.0,0.23847958899932564,61.2,1101.27734375,17.28759765625
2.0,33.0,6.923815485999512,12.2,1101.27734375,17.28759765625
2.0,34.0,0.2033876829991641,4.9,1101.28125,17.28759765625
2.0,35.0,0.17248516899780952,0.0,1101.2890625,17.28759765625
2.0,36.0,0.3638950519998616,98.7,1101.32421875,17.28759765625
2.0,37.0,0.22921074899932137,46.7,1101.33984375,17.28759765625
2.0,38.0,0.49944335199688794,25.3,1101.34375,17.28759765625
2.0,39.0,0.3932301399981952,76.2,1101.359375,17.28759765625
2.0,40.0,0.26404210399778094,11.3,1101.3671875,17.28759765625
2.0,41.0,0.2115186269984406,4.8,1101.37109375,17.28759765625
2.0,42.0,0.3137542919976113,1.6,1101.375,17.28759765625
2.0,43.0,0.4040017289989919,8.7,1101.37890625,17.28759765625
2.0,44.0,0.2951549110002816,3.4,1101.37890625,17.28759765625
2.0,45.0,0.2162150139993173,4.5,1101.37890625,17.28759765625
2.0,46.0,0.1951771349995397,48.7,1101.3828125,17.28759765625
2.0,47.0,0.2507719509994786,62.0,1101.3828125,17.28759765625
2.0,48.0,0.1818571059993701,51.4,1101.3828125,17.28759765625
2.0,49.0,0.31657021900173277,53.8,1101.38671875,17.28759765625
2.0,50.0,0.37613793600030476,55.4,1101.3984375,17.28759765625
2.0,51.0,0.25609367600191035,68.6,1101.40625,17.28759765625
2.0,52.0,0.7795818509985111,12.3,1101.4296875,17.28759765625
2.0,53.0,0.3724563389987452,5.3,1101.4375,17.28759765625
2.0,54.0,0.9784457050009223,18.2,1408.359375,37.69091796875
2.0,55.0,0.22852885000247625,11.1,1408.39453125,37.69091796875
2.0,56.0,0.4203410560003249,11.8,1408.42578125,37.69091796875
2.0,57.0,0.29360941300183185,10.2,1408.453125,37.69091796875
2.0,58.0,0.22335572700103512,6.8,1408.453125,37.69091796875
2.0,59.0,0.3711240250013361,12.2,1408.453125,37.69091796875
2.0,60.0,0.22980391099918052,8.9,1408.453125,37.69091796875
2.0,61.0,0.8234470170027635,6.1,1408.45703125,37.69091796875
2.0,62.0,0.4237903979992552,7.1,1408.4609375,37.69091796875
2.0,63.0,0.3598781159998907,6.9,1408.46484375,37.69091796875
2.0,64.0,0.2125252330006333,2.4,1408.49609375,37.69091796875
2.0,65.0,0.23172629900000175,8.5,1408.49609375,37.69091796875
2.0,66.0,0.3548744820000138,4.2,1408.49609375,37.69091796875
2.0,67.0,0.25108705000093323,4.0,1408.50390625,37.69091796875
2.0,68.0,0.4035165759996744,9.9,1408.50390625,37.69091796875
2.0,69.0,0.3077756619968568,4.9,1408.5078125,37.69091796875
2.0,70.0,0.19848420799826272,5.0,1408.53125,37.69091796875
2.0,71.0,0.39805943299870705,7.5,1408.5390625,37.69091796875
2.0,72.0,0.44043179499931284,14.8,1408.55859375,37.69091796875
2.0,73.0,0.29165619400009746,5.1,1408.55859375,37.69091796875
2.0,74.0,0.3290220240014605,15.4,1408.5625,37.69091796875
2.0,75.0,0.41544713500115904,36.1,1408.59375,37.69091796875
2.0,76.0,0.24297422500239918,51.0,1408.59375,37.69091796875
2.0,77.0,0.2946151239993924,11.9,1408.6171875,37.69091796875
2.0,78.0,0.3001822890000767,31.7,1408.62109375,37.69091796875
2.0,79.0,0.3301593670003058,64.6,1408.64453125,37.69091796875
2.0,80.0,0.26365756599989254,58.5,1408.6484375,37.69091796875
2.0,81.0,0.4079506029993354,63.4,1408.65625,37.69091796875
2.0,82.0,0.30355638900073245,63.9,1408.65625,37.69091796875
2.0,83.0,0.3583862439991208,80.3,1408.65625,37.69091796875
2.0,84.0,0.2349399109989463,40.0,1408.65625,37.69091796875
2.0,85.0,0.2058708000004117,4.8,1408.65625,37.69091796875
2.0,86.0,0.23848238000209676,50.0,1408.65625,37.69091796875
2.0,87.0,0.25035944800038124,16.0,1408.6796875,37.69091796875
2.0,88.0,0.33284714500041446,10.4,1408.6875,37.69091796875
2.0,89.0,0.20807219899870688,11.9,1408.69140625,37.69091796875
2.0,90.0,0.22677556799681042,11.1,1408.69921875,37.69091796875
2.0,91.0,0.21948035400055232,9.1,1408.703125,37.69091796875
2.0,92.0,0.39691094500085455,13.9,1408.7265625,37.69091796875
2.0,93.0,0.22820257900093566,8.7,1408.74609375,37.69091796875
2.0,94.0,0.34438765899903956,18.6,1408.76171875,37.69091796875
2.0,95.0,0.2662630429986166,5.9,1408.7734375,37.69091796875
2.0,96.0,0.2910280439973576,17.2,1408.796875,37.69091796875
2.0,97.0,0.5351420020015212,8.3,1408.80859375,37.69091796875
2.0,98.0,0.22456539300037548,6.7,1408.81640625,37.69091796875
2.0,99.0,0.381997066000622,7.8,1408.81640625,37.69091796875
2.0,100.0,0.4262728159992548,3.6,1408.8203125,37.69091796875
3.0,1.0,0.27141015799861634,11.1,1408.8203125,37.69091796875
3.0,2.0,0.2536593549993995,56.9,1408.83203125,37.69091796875
3.0,3.0,0.5881380799983162,19.0,1408.8359375,37.69091796875
3.0,4.0,0.266639496996504,14.8,1408.85546875,37.69091796875
3.0,5.0,0.2951984770006675,3.4,1408.8671875,37.69091796875
3.0,6.0,0.3145896599999105,3.2,1408.87109375,37.69091796875
3.0,7.0,0.366347096998652,18.9,1408.87109375,37.69091796875
3.0,8.0,0.2145532219983579,7.0,1408.875,37.69091796875
3.0,9.0,0.2096383739990415,2.4,1408.875,37.69091796875
3.0,10.0,0.4435221099993214,7.9,1408.87890625,37.69091796875
3.0,11.0,0.3004199429997243,20.0,1408.890625,37.69091796875
3.0,12.0,0.2674113889988803,1.9,1408.890625,37.69091796875
3.0,13.0,0.61679568800173,4.9,1408.890625,37.69091796875
3.0,14.0,0.25920431499980623,3.8,1408.890625,37.69091796875
3.0,15.0,0.20920826600195142,9.5,1408.91015625,37.69091796875
3.0,16.0,0.5216490659986448,45.1,1408.92578125,37.69091796875
3.0,17.0,1.699358616999234,43.1,1408.9296875,37.69091796875
3.0,18.0,0.4438428659996134,18.9,1408.94140625,37.69091796875
3.0,19.0,0.24352365000231657,2.0,1408.94140625,37.69091796875
3.0,20.0,0.25372967300063465,4.1,1408.94140625,37.69091796875
3.0,21.0,0.39287895600136835,20.3,1408.96875,37.69091796875
3.0,22.0,0.600311148999026,7.4,1408.98046875,37.69091796875
3.0,23.0,0.31206252799893264,1.6,1408.9921875,37.69091796875
3.0,24.0,0.4546047059993725,17.8,1409.0546875,37.69091796875
3.0,25.0,0.3946270070009632,6.3,1409.06640625,37.69091796875
3.0,26.0,0.25980591899860883,11.8,1409.06640625,37.69091796875
3.0,27.0,0.3162690030003432,27.0,1409.0703125,37.69091796875
3.0,28.0,0.24245248199804337,50.0,1409.0703125,37.69091796875
3.0,29.0,0.25171005700030946,10.0,1409.0703125,37.69091796875
3.0,30.0,0.2756227370009583,9.1,1409.11328125,37.69091796875
3.0,31.0,0.5861555400006182,4.2,1409.11328125,37.69091796875
3.0,32.0,0.346642263000831,10.0,1409.1171875,37.69091796875
3.0,33.0,0.26126420900254743,11.5,1409.1171875,37.69091796875
3.0,34.0,0.8636312979979266,4.1,1409.13671875,37.69091796875
3.0,35.0,0.24546850200204062,57.1,1409.16015625,37.69091796875
3.0,36.0,1.1973784629990405,5.5,1409.16015625,37.69091796875
3.0,37.0,0.39468047700211173,3.7,1409.16015625,37.69091796875
3.0,38.0,0.26282293899930664,11.8,1409.1875,37.69091796875
3.0,39.0,0.4822228699995321,5.2,1409.19140625,37.69091796875
3.0,40.0,0.26055895399986184,13.5,1409.2265625,37.69091796875
3.0,41.0,0.26200130700090085,25.5,1409.24609375,37.69091796875
3.0,42.0,0.5109254810013226,65.0,1409.24609375,37.69091796875
3.0,43.0,0.5438140659971396,61.8,1409.24609375,37.69091796875
3.0,44.0,0.23262735299795168,58.7,1409.24609375,37.69091796875
3.0,45.0,0.29129784399992786,72.4,1409.3359375,37.69091796875
3.0,46.0,0.40225940299933427,25.0,1409.3359375,37.69091796875
3.0,47.0,0.34957952900003875,8.6,1409.3515625,37.69091796875
3.0,48.0,0.4363666889985325,4.5,1409.35546875,37.69091796875
3.0,49.0,0.5945265870032017,15.3,1409.359375,37.69091796875
3.0,50.0,0.3740498139995907,2.7,1409.359375,37.69091796875
3.0,51.0,0.2567554500019469,8.0,1409.37890625,37.69091796875
3.0,52.0,0.39175878100286354,6.3,1409.3828125,37.69091796875
3.0,53.0,0.4613778769999044,3.2,1409.3828125,37.69091796875
3.0,54.0,0.27860235499974806,17.9,1409.38671875,37.69091796875
3.0,55.0,0.38569036400076584,1.3,1409.3984375,37.69091796875
3.0,56.0,0.3685800820021541,11.0,1409.41796875,37.69091796875
3.0,57.0,0.28031364399794256,12.3,1409.453125,37.69091796875
3.0,58.0,0.30323427699840977,5.0,1409.48046875,37.69091796875
3.0,59.0,0.2451547539967578,2.1,1409.4921875,37.69091796875
3.0,60.0,0.2296900330002245,4.3,1409.5,37.69091796875
3.0,61.0,0.28493657800208894,7.0,1409.5,37.69091796875
3.0,62.0,0.6199175360015943,8.1,1409.5390625,37.69091796875
3.0,63.0,0.3338322279996646,17.9,1409.5390625,37.69091796875
3.0,64.0,0.34794943800079636,7.4,1409.5390625,37.69091796875
3.0,65.0,0.22070236899890006,4.4,1409.5390625,37.69091796875
3.0,66.0,0.49331007600267185,13.1,1409.5390625,37.69091796875
3.0,67.0,0.5883190620006644,11.1,1409.55078125,37.69091796875
3.0,68.0,0.4901556420009001,10.1,1409.55078125,37.69091796875
3.0,69.0,0.4076700410005287,23.5,1409.5546875,37.69091796875
3.0,70.0,0.3492974869986938,5.7,1409.55859375,37.69091796875
3.0,71.0,0.4704298510005174,20.0,1409.578125,37.69091796875
3.0,72.0,0.2907014500015066,32.1,1409.578125,37.69091796875
3.0,73.0,0.5402789680010756,67.6,1409.58203125,37.69091796875
3.0,74.0,0.6342909049999435,54.0,1409.6015625,37.69091796875
3.0,75.0,0.2181892680018791,60.5,1409.6015625,37.69091796875
3.0,76.0,0.30195230299796094,56.7,1409.6015625,37.69091796875
3.0,77.0,0.36989646300207824,16.2,1409.62109375,37.69091796875
3.0,78.0,1.0174895509990165,4.9,1409.6328125,37.69091796875
3.0,79.0,0.3799582269966777,19.7,1409.6484375,37.69091796875
3.0,80.0,0.3026189839983999,9.8,1409.6484375,37.69091796875
3.0,81.0,1.5645370029997139,3.2,1409.65234375,37.69091796875
3.0,82.0,0.3061429040026269,12.9,1409.65234375,37.69091796875
3.0,83.0,0.3936596710009326,10.3,1409.65234375,37.69091796875
3.0,84.0,0.42789795600037905,5.8,1409.65625,37.69091796875
3.0,85.0,0.24794290700083366,58.0,1409.66796875,37.69091796875
3.0,86.0,0.6142206270014867,20.7,1409.7109375,37.69091796875
3.0,87.0,0.23354138799913926,4.3,1409.71484375,37.69091796875
3.0,88.0,0.23297236700091162,12.8,1409.71484375,37.69091796875
3.0,89.0,0.31545422799899825,9.5,1409.7421875,37.69091796875
3.0,90.0,0.4679219600002398,4.3,1409.7578125,37.69091796875
3.0,91.0,0.645654141997511,12.5,1409.7890625,37.69091796875
3.0,92.0,0.4109472980017017,23.5,1409.7890625,37.69091796875
3.0,93.0,0.5502405919978628,12.6,1409.7890625,37.69091796875
3.0,94.0,0.2892821079985879,8.6,1409.7890625,37.69091796875
3.0,95.0,0.34927880900067976,5.7,1409.7890625,37.69091796875
3.0,96.0,0.34599255499779247,10.1,1409.84765625,37.69091796875
3.0,97.0,0.2795119430011255,3.6,1409.84765625,37.69091796875
3.0,98.0,0.29438786399987293,33.9,1409.87890625,37.69091796875
3.0,99.0,0.52953274399988,58.7,1409.87890625,37.69091796875
3.0,100.0,0.30930441999953473,58.7,1409.87890625,37.69091796875
4.0,1.0,0.8545605670005898,62.5,1409.88671875,37.69091796875
4.0,2.0,0.2940581499969994,6.9,1409.94140625,37.69091796875
4.0,3.0,0.4696572829998331,12.6,1409.94140625,37.69091796875
4.0,4.0,0.2597495020017959,1.9,1409.9453125,37.69091796875
4.0,5.0,0.24914586800150573,6.0,1409.95703125,37.69091796875
4.0,6.0,0.38019593200078816,8.0,1409.97265625,37.69091796875
4.0,7.0,0.4471106230012083,14.3,1409.984375,37.69091796875
4.0,8.0,0.3585881340004562,15.5,1410.015625,37.69091796875
4.0,9.0,0.3125769170001149,8.1,1410.015625,37.69091796875
4.0,10.0,1.3193613029980042,8.3,1410.015625,37.69091796875
4.0,11.0,0.6171203779995267,5.7,1410.015625,37.69091796875
4.0,12.0,0.5451178189978236,2.7,1410.015625,37.69091796875
4.0,13.0,0.313384170000063,16.1,1410.0625,37.69091796875
4.0,14.0,0.33028052100053173,20.9,1410.0703125,37.69091796875
4.0,15.0,0.29913605600086157,1.7,1410.0703125,37.69091796875
4.0,16.0,0.34890800200082595,7.1,1410.0703125,37.69091796875
4.0,17.0,0.2452478080012952,2.1,1410.0703125,37.69091796875
4.0,18.0,0.5175349570017715,9.6,1410.07421875,37.69091796875
4.0,19.0,0.4296586300006311,4.7,1410.10546875,37.69091796875
4.0,20.0,0.29080331200020737,15.0,1410.109375,37.69091796875
4.0,21.0,0.2525423139995837,2.0,1410.109375,37.69091796875
4.0,22.0,0.505192922999413,4.0,1410.109375,37.69091796875
4.0,23.0,0.22908607600038522,8.9,1410.109375,37.69091796875
4.0,24.0,0.5112094260002777,5.9,1410.11328125,37.69091796875
4.0,25.0,0.8500561479995667,32.0,1410.11328125,37.69091796875
4.0,26.0,0.24379522500021267,72.9,1410.15234375,37.69091796875
4.0,27.0,0.29862212000080035,61.7,1410.1875,37.69091796875
4.0,28.0,0.3041735919978237,100.0,1410.22265625,37.69091796875
4.0,29.0,0.2507873610011302,60.0,1410.25390625,37.69091796875
4.0,30.0,0.24858886299989535,67.3,1410.31640625,37.69091796875
4.0,31.0,0.2654444149993651,37.3,1410.31640625,37.69091796875
4.0,32.0,0.23479109300023993,4.2,1410.31640625,37.69091796875
4.0,33.0,0.2613398710018373,11.5,1410.31640625,37.69091796875
4.0,34.0,0.3164304630008701,23.8,1410.31640625,37.69091796875
4.0,35.0,0.5394765750024817,3.7,1410.31640625,37.69091796875
4.0,36.0,1.5170273080002517,3.6,1410.3203125,37.69091796875
4.0,37.0,0.29982329300037236,13.6,1410.3203125,37.69091796875
4.0,38.0,0.4113065649980854,7.2,1410.3203125,37.69091796875
4.0,39.0,0.22277919100088184,6.8,1410.3203125,37.69091796875
4.0,40.0,0.3996521809967817,7.4,1410.3203125,37.69091796875
4.0,41.0,0.3547145019983873,11.1,1410.3203125,37.69091796875
4.0,42.0,0.30573907299913117,16.7,1410.35546875,37.69091796875
4.0,43.0,0.5371097649986041,15.0,1410.421875,37.69091796875
4.0,44.0,0.3529187809981522,15.5,1410.421875,37.69091796875
4.0,45.0,0.24311180600125226,50.0,1410.42578125,37.69091796875
4.0,46.0,0.25742055700175115,3.8,1410.42578125,37.69091796875
4.0,47.0,0.24412676400243072,10.2,1410.42578125,37.69091796875
4.0,48.0,0.22673431200018968,6.8,1410.42578125,37.69091796875
4.0,49.0,0.3435319480013277,10.0,1410.42578125,37.69091796875
4.0,50.0,0.3065007520017389,6.5,1410.42578125,37.69091796875
4.0,51.0,0.39074328299830086,22.1,1410.42578125,37.69091796875
4.0,52.0,0.32866190100321546,15.4,1410.4296875,37.69091796875
4.0,53.0,0.5729271050004172,2.6,1410.4296875,37.69091796875
4.0,54.0,0.4705440549987543,28.7,1410.43359375,37.69091796875
4.0,55.0,0.3322486500001105,16.7,1410.45703125,37.69091796875
4.0,56.0,0.32628472600117675,10.6,1410.45703125,37.69091796875
4.0,57.0,0.33900735000133864,91.3,1410.515625,37.69091796875
4.0,58.0,0.26342321400079527,67.3,1410.515625,37.69091796875
4.0,59.0,0.2711332239996409,70.4,1410.515625,37.69091796875
4.0,60.0,0.25584963799701654,66.7,1410.515625,37.69091796875
4.0,61.0,0.5591808479985048,57.7,1410.515625,37.69091796875
4.0,62.0,0.5493054540020239,55.5,1410.515625,37.69091796875
4.0,63.0,0.4021542530026636,6.2,1410.515625,37.69091796875
4.0,64.0,1.104436772999179,5.0,1410.55078125,37.69091796875
4.0,65.0,0.2477190050012723,4.0,1410.55078125,37.69091796875
4.0,66.0,0.349386723999487,15.9,1410.5546875,37.69091796875
4.0,67.0,0.24408449699694756,4.1,1410.55859375,37.69091796875
4.0,68.0,0.3633940159998019,12.5,1410.55859375,37.69091796875
4.0,69.0,0.30503680300171254,14.8,1410.5625,37.69091796875
4.0,70.0,0.3674799689979409,5.4,1410.5625,37.69091796875
4.0,71.0,0.27558157200110145,10.7,1410.6015625,37.69091796875
4.0,72.0,0.4251658219982346,5.9,1410.6015625,37.69091796875
4.0,73.0,0.2892436429974623,8.6,1410.6015625,37.69091796875
4.0,74.0,0.28485636099867406,12.5,1410.6171875,37.69091796875
4.0,75.0,0.29491692499868805,15.0,1410.65625,37.69091796875
4.0,76.0,0.33089465200100676,10.6,1410.67578125,37.69091796875
4.0,77.0,0.22380093299943837,4.5,1410.6875,37.69091796875
4.0,78.0,0.36181527400185587,15.1,1410.6875,37.69091796875
4.0,79.0,0.29218618699815124,10.2,1410.6875,37.69091796875
4.0,80.0,0.5769807780015981,8.7,1410.69140625,37.69091796875
4.0,81.0,0.23463238700060174,8.9,1410.69140625,37.69091796875
4.0,82.0,0.6882462200010195,12.3,1410.69921875,37.69091796875
4.0,83.0,0.28918538599828025,6.9,1410.69921875,37.69091796875
4.0,84.0,0.3301706819984247,19.7,1410.72265625,37.69091796875
4.0,85.0,0.5908474770003522,7.6,1410.7265625,37.69091796875
4.0,86.0,0.2762069710006472,18.2,1410.7265625,37.69091796875
4.0,87.0,0.476500078002573,11.6,1410.73046875,37.69091796875
4.0,88.0,0.25245035700208973,30.0,1410.734375,37.69091796875
4.0,89.0,0.23677579200011678,61.7,1410.734375,37.69091796875
4.0,90.0,0.5565718399993784,61.3,1410.734375,37.69091796875
4.0,91.0,0.1984523649989569,57.5,1410.7421875,37.69091796875
4.0,92.0,0.7792964229993231,67.1,1410.75,37.69091796875
4.0,93.0,0.22380426499876194,6.8,1410.75,37.69091796875
4.0,94.0,0.2975204929971369,11.7,1410.76171875,37.69091796875
4.0,95.0,0.306693032001931,11.1,1410.80078125,37.69091796875
4.0,96.0,0.5393540949989983,6.5,1410.80078125,37.69091796875
4.0,97.0,0.3374912260005658,23.9,1410.80859375,37.69091796875
4.0,98.0,0.2755366130004404,5.6,1410.80859375,37.69091796875
4.0,99.0,0.43603156199969817,22.7,1410.81640625,37.69091796875
4.0,100.0,0.4416297570023744,8.0,1410.828125,37.69091796875
5.0,1.0,0.39615042399964295,4.9,1410.8671875,37.69091796875
5.0,2.0,0.48995110399846453,25.8,1410.8828125,37.69091796875
5.0,3.0,0.3106052510011068,9.7,1410.88671875,37.69091796875
5.0,4.0,0.24243330099852756,4.1,1410.91015625,37.69091796875
5.0,5.0,0.25403830299910624,8.0,1410.91015625,37.69091796875
5.0,6.0,0.31018166699868743,25.8,1410.9140625,37.69091796875
5.0,7.0,0.23744464599803905,4.2,1410.91796875,37.69091796875
5.0,8.0,0.30340440300278715,3.3,1410.93359375,37.69091796875
5.0,9.0,0.4824291059994721,19.8,1410.9609375,37.69091796875
5.0,10.0,0.2512398290018609,4.0,1410.9765625,37.69091796875
5.0,11.0,0.2786379380013386,7.0,1410.9765625,37.69091796875
5.0,12.0,0.2369605159983621,8.5,1410.9765625,37.69091796875
5.0,13.0,0.3593527080010972,15.3,1410.9765625,37.69091796875
5.0,14.0,1.3161125900005572,6.9,1410.9765625,37.69091796875
5.0,15.0,0.2605392200021015,7.7,1410.98046875,37.69091796875
5.0,16.0,0.2536905349988956,9.8,1410.98046875,37.69091796875
5.0,17.0,0.6692710800016357,5.3,1410.98046875,37.69091796875
5.0,18.0,0.2679881820004084,7.4,1410.98046875,37.69091796875
5.0,19.0,0.2709225529979449,20.8,1410.98046875,37.69091796875
5.0,20.0,0.43497409999690717,63.2,1411.015625,37.69091796875
5.0,21.0,0.5254574600003252,75.2,1411.015625,37.69091796875
5.0,22.0,0.7480149580005673,60.1,1411.03515625,37.69091796875
5.0,23.0,0.38108185100281844,27.3,1411.0390625,37.69091796875
5.0,24.0,0.3301001969994104,12.3,1411.05078125,37.69091796875
5.0,25.0,0.23966752300111693,51.0,1411.1171875,37.69091796875
5.0,26.0,0.9678346269975009,9.9,1411.12109375,37.69091796875
5.0,27.0,0.27316478799912147,8.9,1411.12109375,37.69091796875
5.0,28.0,0.3318637119991763,3.0,1411.12109375,37.69091796875
5.0,29.0,0.29601182700207573,5.2,1411.125,37.69091796875
5.0,30.0,0.24341499300135183,8.2,1411.125,37.69091796875
5.0,31.0,0.31194940200293786,11.1,1411.125,37.69091796875
5.0,32.0,0.2336097029983648,47.8,1411.15625,37.69091796875
5.0,33.0,0.2852972619984939,5.3,1411.15625,37.69091796875
5.0,34.0,0.5372101200009638,6.5,1411.15625,37.69091796875
5.0,35.0,0.3058978310000384,14.8,1411.1640625,37.69091796875
5.0,36.0,0.2503972619997512,4.0,1411.1640625,37.69091796875
5.0,37.0,0.24738613799854647,10.0,1411.16796875,37.69091796875
5.0,38.0,0.616612965000968,8.2,1411.1875,37.69091796875
5.0,39.0,0.3366323679983907,14.7,1411.2109375,37.69091796875
5.0,40.0,0.2910383489979722,5.4,1411.24609375,37.69091796875
5.0,41.0,0.2759233030010364,10.7,1411.27734375,37.69091796875
5.0,42.0,0.3225860080019629,1.6,1411.29296875,37.69091796875
5.0,43.0,0.2548988039998221,9.6,1411.30078125,37.69091796875
5.0,44.0,0.23067509199972847,2.2,1411.30078125,37.69091796875
5.0,45.0,0.51465287800238,2.9,1411.30078125,37.69091796875
5.0,46.0,0.3227381239994429,18.5,1411.328125,37.69091796875
5.0,47.0,0.3908573869994143,15.4,1411.328125,37.69091796875
5.0,48.0,1.0734626389967161,3.7,1411.328125,37.69091796875
5.0,49.0,0.39684583299822407,45.6,1411.33984375,37.69091796875
5.0,50.0,0.2755651419975038,61.8,1411.34375,37.69091796875
5.0,51.0,0.24350978399888845,56.3,1411.34375,37.69091796875
5.0,52.0,1.2026385980025225,51.9,1411.34765625,37.69091796875
5.0,53.0,0.3178865810004936,14.1,1411.3515625,37.69091796875
5.0,54.0,0.2685262380000495,3.8,1411.3515625,37.69091796875
5.0,55.0,0.2754306950009777,12.7,1411.35546875,37.69091796875
5.0,56.0,0.20566286399844103,2.4,1411.359375,37.69091796875
5.0,57.0,0.2534288030001335,16.0,1411.3671875,37.69091796875
5.0,58.0,0.48753275700073573,7.2,1411.3671875,37.69091796875
5.0,59.0,0.3090400569999474,11.3,1411.37109375,37.69091796875
5.0,60.0,0.43907339599900297,5.7,1411.37109375,37.69091796875
5.0,61.0,0.690890327001398,4.4,1411.37890625,37.69091796875
5.0,62.0,0.25076851899939356,11.8,1411.3828125,37.69091796875
5.0,63.0,0.4252729850013566,11.8,1411.421875,37.69091796875
5.0,64.0,0.4899868940010492,15.3,1411.44921875,37.69091796875
5.0,65.0,0.30661293800221756,18.0,1411.50390625,37.69091796875
5.0,66.0,0.31235799100250006,12.7,1411.50390625,37.69091796875
5.0,67.0,0.27241601800051285,9.1,1411.50390625,37.69091796875
5.0,68.0,0.8240357670001686,3.7,1411.5078125,37.69091796875
5.0,69.0,0.4286836549981672,5.8,1411.5078125,37.69091796875
5.0,70.0,0.2106735139968805,4.9,1411.5078125,37.69091796875
5.0,71.0,0.36843909800154506,12.0,1411.5078125,37.69091796875
5.0,72.0,0.4321760879975045,10.6,1411.5078125,37.69091796875
5.0,73.0,0.8681355280023126,12.1,1411.52734375,37.69091796875
5.0,74.0,0.29244713300067815,6.9,1411.52734375,37.69091796875
5.0,75.0,0.3474259769973287,18.6,1411.5546875,37.69091796875
5.0,76.0,0.22779398599959677,2.2,1411.5546875,37.69091796875
5.0,77.0,0.5837560610016226,9.4,1411.5546875,37.69091796875
5.0,78.0,0.4999796240008436,56.6,1411.5546875,37.69091796875
5.0,79.0,0.3613820529972145,57.5,1411.55859375,37.69091796875
5.0,80.0,0.27746881100028986,60.0,1411.55859375,37.69091796875
5.0,81.0,0.5534116640010325,69.1,1411.60546875,37.69091796875
5.0,82.0,0.30078821999995853,40.0,1411.609375,37.69091796875
5.0,83.0,0.45844109099925845,13.2,1411.609375,37.69091796875
5.0,84.0,0.31731447800120804,12.5,1411.609375,37.69091796875
5.0,85.0,0.26791140500063193,50.0,1411.61328125,37.69091796875
5.0,86.0,0.2713715099998808,3.6,1411.61328125,37.69091796875
5.0,87.0,0.5482798670018383,10.9,1411.61328125,37.69091796875
5.0,88.0,0.22985716900075204,10.9,1411.61328125,37.69091796875
5.0,89.0,0.21581821699874126,11.6,1411.61328125,37.69091796875
5.0,90.0,0.24793688999852748,10.2,1411.62890625,37.69091796875
5.0,91.0,0.5468855610015453,8.2,1411.6640625,37.69091796875
5.0,92.0,1.84063500600314,2.7,1411.6640625,37.69091796875
5.0,93.0,0.49133728299784707,11.1,1411.66796875,37.69091796875
5.0,94.0,0.32190648499818053,20.0,1411.671875,37.69091796875
5.0,95.0,0.4196056309992855,12.0,1411.67578125,37.69091796875
5.0,96.0,0.7890152869986196,7.6,1411.6875,37.69091796875
5.0,97.0,0.6092005149985198,12.3,1411.6953125,37.69091796875
5.0,98.0,0.3719872450019466,5.4,1411.6953125,37.69091796875
5.0,99.0,0.8317531329994381,4.8,1411.6953125,37.69091796875
5.0,100.0,0.6436251829982211,6.9,1411.7265625,37.69091796875
6.0,1.0,0.2846149739998509,3.6,1411.7734375,37.69091796875
6.0,2.0,0.993348435000371,47.7,1411.7734375,37.69091796875
6.0,3.0,0.39065025499803596,75.6,1411.7734375,37.69091796875
6.0,4.0,0.265656632000173,61.1,1411.7734375,37.69091796875
6.0,5.0,0.5161146690006717,40.2,1411.7734375,37.69091796875
6.0,6.0,0.561668007998378,19.8,1411.81640625,37.69091796875
6.0,7.0,0.31858441599979415,4.7,1411.81640625,37.69091796875
6.0,8.0,0.26389074500184506,5.7,1411.81640625,37.69091796875
6.0,9.0,0.4129723529986222,6.0,1411.81640625,37.69091796875
6.0,10.0,0.2665887719995226,1.9,1411.81640625,37.69091796875
6.0,11.0,0.2856754999993427,13.8,1411.81640625,37.69091796875
6.0,12.0,0.2968972569979087,5.1,1411.81640625,37.69091796875
6.0,13.0,0.3429236880001554,20.0,1411.8203125,37.69091796875
6.0,14.0,1.2109519769983308,2.5,1411.84375,37.69091796875
6.0,15.0,0.7281040439993376,15.9,1411.87109375,37.69091796875
6.0,16.0,0.26115387300160364,5.8,1411.87890625,37.69091796875
6.0,17.0,0.5791021770019142,16.5,1411.8984375,37.69091796875
6.0,18.0,0.3734379050001735,2.7,1411.90234375,37.69091796875
6.0,19.0,0.31110894399898825,16.4,1411.9453125,37.69091796875
6.0,20.0,0.2478443209984107,6.0,1411.9453125,37.69091796875
6.0,21.0,0.27849277800123673,8.9,1411.9453125,37.69091796875
6.0,22.0,0.38505362699652323,11.7,1412.03125,37.69091796875
6.0,23.0,0.35775061000094865,11.1,1412.03515625,37.69091796875
6.0,24.0,0.29299852999974973,11.9,1412.0859375,37.69091796875
6.0,25.0,0.24554863899902557,2.0,1412.0859375,37.69091796875
6.0,26.0,0.23691097399932914,10.6,1412.0859375,37.69091796875
6.0,27.0,0.25503164299880154,12.0,1412.0859375,37.69091796875
6.0,28.0,0.3865412679988367,3.8,1412.1171875,37.69091796875
6.0,29.0,0.2907756620006694,10.3,1412.1171875,37.69091796875
6.0,30.0,0.24350133699772414,8.2,1412.1171875,37.69091796875
6.0,31.0,0.3529117639991455,14.3,1412.12109375,37.69091796875
6.0,32.0,0.2468095889998949,64.6,1412.12109375,37.69091796875
6.0,33.0,1.0202013150010316,58.1,1412.171875,37.69091796875
6.0,34.0,0.5103226469982474,70.3,1412.1796875,37.69091796875
6.0,35.0,0.7981774010004301,10.1,1412.19140625,37.69091796875
6.0,36.0,0.2864423950013588,15.3,1412.203125,37.69091796875
6.0,37.0,0.23721582700090948,6.3,1412.203125,37.69091796875
6.0,38.0,0.5415093439987686,11.2,1412.203125,37.69091796875
6.0,39.0,0.35844693900071434,20.8,1412.20703125,37.69091796875
6.0,40.0,0.3828549359968747,6.5,1412.20703125,37.69091796875
6.0,41.0,0.2590904839998984,7.7,1412.20703125,37.69091796875
6.0,42.0,0.2702665329998126,1.9,1412.20703125,37.69091796875
6.0,43.0,0.4354254440004297,6.9,1412.20703125,37.69091796875
6.0,44.0,0.4410161480009265,5.6,1412.20703125,37.69091796875
6.0,45.0,0.6388148340010957,1.6,1412.22265625,37.69091796875
6.0,46.0,0.3230572550019133,23.8,1412.23046875,37.69091796875
6.0,47.0,0.43217792399809696,9.2,1412.234375,37.69091796875
6.0,48.0,0.4678630250018614,11.7,1412.234375,37.69091796875
6.0,49.0,0.36467916000037803,23.6,1412.265625,37.69091796875
6.0,50.0,0.3931276559997059,13.9,1412.2734375,37.69091796875
6.0,51.0,0.536993612000515,3.7,1412.2734375,37.69091796875
6.0,52.0,0.48496725800214335,9.4,1412.30078125,37.69091796875
6.0,53.0,0.284188613997685,12.5,1412.328125,37.69091796875
6.0,54.0,0.26020805399821256,7.7,1412.4140625,37.69091796875
6.0,55.0,0.4639721859966812,31.2,1412.45703125,37.69091796875
6.0,56.0,0.29444949500248185,23.7,1412.45703125,37.69091796875
6.0,57.0,0.626524237999547,14.4,1412.4609375,37.69091796875
6.0,58.0,0.3655107569975371,9.7,1412.4609375,37.69091796875
6.0,59.0,0.32303414899797644,60.9,1412.4609375,37.69091796875
6.0,60.0,0.7939067910010635,58.5,1412.4609375,37.69091796875
6.0,61.0,0.3924031520000426,62.0,1412.4921875,37.69091796875
6.0,62.0,0.28231679199961945,71.4,1412.49609375,37.69091796875
6.0,63.0,0.2662997220031684,30.2,1412.55078125,37.69091796875
6.0,64.0,0.4486089609999908,4.4,1412.5546875,37.69091796875
6.0,65.0,0.30952377100038575,4.9,1412.55859375,37.69091796875
6.0,66.0,0.26265155500004767,17.0,1412.55859375,37.69091796875
6.0,67.0,0.2411078910008655,8.3,1412.5625,37.69091796875
6.0,68.0,0.32785668699943926,9.2,1412.5625,37.69091796875
6.0,69.0,0.2592864329999429,11.5,1412.5625,37.69091796875
6.0,70.0,0.33161410100001376,12.1,1412.56640625,37.69091796875
6.0,71.0,0.2956766150018666,8.5,1412.6875,37.69091796875
6.0,72.0,0.32955745800063596,18.2,1412.703125,37.69091796875
6.0,73.0,0.3701328069982992,8.1,1412.703125,37.69091796875
6.0,74.0,0.3801028160014539,6.6,1412.703125,37.69091796875
6.0,75.0,0.3553003439992608,6.9,1412.703125,37.69091796875
6.0,76.0,0.27166372099964065,9.3,1412.703125,37.69091796875
6.0,77.0,0.501947200998984,3.0,1412.703125,37.69091796875
6.0,78.0,0.2828687490000448,14.3,1412.70703125,37.69091796875
6.0,79.0,0.34260292500039213,11.9,1412.70703125,37.69091796875
6.0,80.0,0.2777065029986261,10.7,1412.70703125,37.69091796875
6.0,81.0,0.22332249200189835,4.4,1412.70703125,37.69091796875
6.0,82.0,0.36983689200133085,17.6,1412.7109375,37.69091796875
6.0,83.0,0.403272998999455,15.0,1412.71875,37.69091796875
6.0,84.0,1.2395885699988867,4.9,1412.71875,37.69091796875
6.0,85.0,0.2356796719977865,6.4,1412.71875,37.69091796875
6.0,86.0,0.3256157690011605,6.2,1412.72265625,37.69091796875
6.0,87.0,0.2799813499987067,19.6,1412.73046875,37.69091796875
6.0,88.0,0.3825312099979783,2.6,1412.73046875,37.69091796875
6.0,89.0,0.575453651999851,7.0,1412.73828125,37.69091796875
6.0,90.0,0.2753850240005704,28.3,1412.73828125,37.69091796875
6.0,91.0,0.5911124980011664,55.9,1412.74609375,37.69091796875
6.0,92.0,0.40534349900190136,68.3,1412.78515625,37.69091796875
6.0,93.0,0.28690128900052514,64.9,1412.8046875,37.69091796875
6.0,94.0,0.2674038520017348,65.5,1412.8203125,37.69091796875
6.0,95.0,0.251493637002568,52.0,1412.82421875,37.69091796875
6.0,96.0,0.33903394699882483,16.4,1412.82421875,37.69091796875
6.0,97.0,0.28458466500160284,10.3,1412.82421875,37.69091796875
6.0,98.0,0.23002040999926976,4.4,1412.82421875,37.69091796875
6.0,99.0,0.30379108499982976,15.0,1412.82421875,37.69091796875
6.0,100.0,0.3393947529984871,10.1,1412.89453125,37.69091796875
7.0,1.0,0.28542993100199965,8.8,1412.89453125,37.69091796875
7.0,2.0,0.23362752200046089,10.6,1412.8984375,37.69091796875
7.0,3.0,0.3807099739969999,9.1,1412.8984375,37.69091796875
7.0,4.0,1.13952134200008,3.5,1412.8984375,37.69091796875
7.0,5.0,0.25388655500137247,54.9,1412.90234375,37.69091796875
7.0,6.0,0.2258365989982849,8.9,1412.90234375,37.69091796875
7.0,7.0,0.30636449299709057,13.1,1412.90234375,37.69091796875
7.0,8.0,0.2966474320019188,20.0,1412.90625,37.69091796875
7.0,9.0,4.5658110330005,3.6,1412.90625,37.69091796875
7.0,10.0,0.2926601360013592,13.6,1412.91015625,37.69091796875
7.0,11.0,0.2648881610002718,9.6,1412.91015625,37.69091796875
7.0,12.0,0.21123304100183304,23.3,1412.9375,37.69091796875
7.0,13.0,0.3674878330020874,62.5,1412.9375,37.69091796875
7.0,14.0,0.46075181899868767,58.1,1412.9375,37.69091796875
7.0,15.0,0.30967413499820395,64.5,1412.9375,37.69091796875
7.0,16.0,0.43671649700263515,59.5,1412.94140625,37.69091796875
7.0,17.0,1.174294103999273,18.7,1412.94140625,37.69091796875
7.0,18.0,0.22679854799935129,17.4,1412.94140625,37.69091796875
7.0,19.0,0.24566177099768538,8.5,1412.9921875,37.69091796875
7.0,20.0,0.19274091300030705,7.7,1412.9921875,37.69091796875
7.0,21.0,0.24245441500170273,49.0,1413.00390625,37.69091796875
7.0,22.0,0.1866060579995974,13.5,1413.0078125,37.69091796875
7.0,23.0,0.27336632299920893,9.1,1413.0078125,37.69091796875
7.0,24.0,0.43424752300052205,22.7,1413.0234375,37.69091796875
7.0,25.0,0.29472664299828466,20.7,1413.0234375,37.69091796875
7.0,26.0,0.36622493699906045,13.5,1413.05078125,37.69091796875
7.0,27.0,0.2515150339968386,22.0,1413.09375,37.69091796875
7.0,28.0,0.2701618739993137,9.4,1413.09375,37.69091796875
7.0,29.0,0.22467055400193203,17.8,1413.09375,37.69091796875
7.0,30.0,0.24138909800240071,12.2,1413.1171875,37.69091796875
7.0,31.0,0.23400521100120386,10.6,1413.1171875,37.69091796875
7.0,32.0,2.917028701001982,1.9,1413.1171875,37.69091796875
7.0,33.0,0.39994063199992524,2.5,1413.1171875,37.69091796875
7.0,34.0,0.46514006900179083,16.5,1413.1796875,37.69091796875
7.0,35.0,1.0233207819983363,5.4,1413.1796875,37.69091796875
7.0,36.0,0.31802415100173675,6.3,1413.18359375,37.69091796875
7.0,37.0,0.2477119680006581,51.0,1413.25390625,37.69091796875
7.0,38.0,0.41690369400021154,75.9,1413.2578125,37.69091796875
7.0,39.0,0.25462829699972644,66.7,1413.26171875,37.69091796875
7.0,40.0,0.3531675850026659,73.2,1413.34375,37.69091796875
7.0,41.0,0.2348329439992085,70.2,1413.36328125,37.69091796875
7.0,42.0,0.30488790899835294,70.5,1413.36328125,37.69091796875
7.0,43.0,0.45331289599926095,57.3,1413.36328125,37.69091796875
7.0,44.0,0.25660880400027963,55.8,1413.3671875,37.69091796875
7.0,45.0,0.3622632290025649,5.6,1413.3671875,37.69091796875
7.0,46.0,0.2549591370006965,5.8,1413.3671875,37.69091796875
7.0,47.0,0.22595166599785443,8.9,1413.37109375,37.69091796875
7.0,48.0,0.24690105500121717,16.7,1413.3828125,37.69091796875
7.0,49.0,0.27393748900067294,21.8,1413.3828125,37.69091796875
7.0,50.0,0.32204402400020626,13.8,1413.390625,37.69091796875
7.0,51.0,0.2490347599996312,51.0,1413.39453125,37.69091796875
7.0,52.0,0.31962160100010806,19.0,1413.39453125,37.69091796875
7.0,53.0,0.4442568080012279,4.4,1413.41015625,37.69091796875
7.0,54.0,0.35856397000316065,11.1,1413.4140625,37.69091796875
7.0,55.0,0.35832515400034026,25.4,1413.421875,37.69091796875
7.0,56.0,0.3022839129989734,1.7,1413.421875,37.69091796875
7.0,57.0,0.4713979170010134,6.4,1413.421875,37.69091796875
7.0,58.0,0.34368676700250944,13.0,1413.42578125,37.69091796875
7.0,59.0,0.3133086070010904,7.9,1413.55078125,37.69091796875
7.0,60.0,0.36793760000000475,8.2,1413.55078125,37.69091796875
7.0,61.0,1.1710080430020753,6.0,1413.5546875,37.69091796875
7.0,62.0,0.3798106659996847,6.5,1413.5546875,37.69091796875
7.0,63.0,0.3497826380007609,20.0,1413.6328125,37.69091796875
7.0,64.0,0.29580554499989375,15.3,1413.6328125,37.69091796875
7.0,65.0,0.18987187300081132,5.3,1413.63671875,37.69091796875
7.0,66.0,0.38106706500184373,2.6,1413.63671875,37.69091796875
7.0,67.0,0.26206716199885705,56.9,1413.64453125,37.69091796875
7.0,68.0,0.288618698999926,13.6,1413.65625,37.69091796875
7.0,69.0,0.8977010189992143,6.7,1413.65625,37.69091796875
7.0,70.0,0.20692186999804107,2.4,1413.6640625,37.69091796875
7.0,71.0,0.19622414200057392,46.2,1413.6796875,37.69091796875
7.0,72.0,0.26457404200118617,62.3,1413.6875,37.69091796875
7.0,73.0,0.3200694549996115,71.9,1413.703125,37.69091796875
7.0,74.0,0.3155703230004292,68.3,1413.7421875,37.69091796875
7.0,75.0,0.20080557500114082,63.4,1413.75,37.69091796875
7.0,76.0,0.34801968000101624,62.9,1413.8125,37.69091796875
7.0,77.0,1.030818133000139,28.1,1413.8125,37.69091796875
7.0,78.0,0.2957550169994647,1.7,1413.8125,37.69091796875
7.0,79.0,0.22549729399906937,17.0,1413.8125,37.69091796875
7.0,80.0,0.395240236997779,2.6,1413.875,37.69091796875
7.0,81.0,0.2892486769997049,10.3,1413.875,37.69091796875
7.0,82.0,0.3838263800025743,26.0,1413.88671875,37.69091796875
7.0,83.0,0.21094324400110054,2.4,1413.88671875,37.69091796875
7.0,84.0,0.20233332900170353,14.3,1413.890625,37.69091796875
7.0,85.0,0.20029644999885932,10.0,1413.890625,37.69091796875
7.0,86.0,0.1810048419974919,5.6,1413.890625,37.69091796875
7.0,87.0,0.2412485309978365,6.2,1413.89453125,37.69091796875
7.0,88.0,0.82224120599858,4.3,1413.89453125,37.69091796875
7.0,89.0,0.34175628799857805,13.2,1413.89453125,37.69091796875
7.0,90.0,0.20659911799884867,4.9,1413.8984375,37.69091796875
7.0,91.0,0.2818295190008939,16.1,1413.90234375,37.69091796875
7.0,92.0,0.21107157199730864,7.0,1413.90234375,37.69091796875
7.0,93.0,0.24995530700107338,6.0,1413.9140625,37.69091796875
7.0,94.0,0.24133061799875577,6.2,1413.92578125,37.69091796875
7.0,95.0,0.15497231900008046,12.9,1413.93359375,37.69091796875
7.0,96.0,0.30053257400140865,5.0,1413.93359375,37.69091796875
7.0,97.0,0.220306058999995,6.8,1413.93359375,37.69091796875
7.0,98.0,0.2449829690012848,16.0,1413.93359375,37.69091796875
7.0,99.0,0.23742547700021532,23.4,1413.93359375,37.69091796875
7.0,100.0,0.3047504569985904,18.3,1413.9375,37.69091796875
8.0,1.0,0.26494087699757074,20.0,1413.9375,37.69091796875
8.0,2.0,0.594715642000665,8.5,1413.9375,37.69091796875
8.0,3.0,0.19851805300277192,10.3,1413.9375,37.69091796875
8.0,4.0,0.2211133080018044,4.4,1413.94140625,37.69091796875
8.0,5.0,0.31364427099833847,15.9,1413.9453125,37.69091796875
8.0,6.0,1.4657840100007888,14.7,1413.94921875,37.69091796875
8.0,7.0,0.3469932500011055,71.4,1413.94921875,37.69091796875
8.0,8.0,0.28710495099949185,66.7,1413.953125,37.69091796875
8.0,9.0,0.23562478500025463,66.7,1413.953125,37.69091796875
8.0,10.0,0.29147994800223387,60.7,1413.95703125,37.69091796875
8.0,11.0,0.44801616900076624,83.0,1413.99609375,37.69091796875
8.0,12.0,0.30337373500151443,59.0,1414.0,37.69091796875
8.0,13.0,0.1959857549991284,7.5,1414.0,37.69091796875
8.0,14.0,0.15024761699896771,10.0,1414.0,37.69091796875
8.0,15.0,0.24050264500328922,8.2,1414.0,37.69091796875
8.0,16.0,0.344963497002027,25.0,1414.0,37.69091796875
8.0,17.0,0.3863001900026575,6.5,1414.015625,37.69091796875
8.0,18.0,0.27732660100082285,5.5,1414.015625,37.69091796875
8.0,19.0,0.20376994800244574,7.3,1414.015625,37.69091796875
8.0,20.0,0.22756800500064855,8.7,1414.01953125,37.69091796875
8.0,21.0,1.2440604410003289,6.0,1414.0234375,37.69091796875
8.0,22.0,0.30636417800269555,21.7,1414.03125,37.69091796875
8.0,23.0,0.19422855099765002,10.0,1414.03515625,37.69091796875
8.0,24.0,0.22679706100097974,11.1,1414.03515625,37.69091796875
8.0,25.0,0.30213686999923084,13.3,1414.03515625,37.69091796875
8.0,26.0,0.20120822000171756,4.9,1414.0390625,37.69091796875
8.0,27.0,0.19687806400179397,5.1,1414.04296875,37.69091796875
8.0,28.0,0.1921909440025047,2.6,1414.04296875,37.69091796875
8.0,29.0,0.2929910850034503,22.0,1414.0625,37.69091796875
8.0,30.0,0.19322503600051277,7.9,1414.08203125,37.69091796875
8.0,31.0,0.40143826299754437,12.3,1414.09375,37.69091796875
8.0,32.0,0.2457431219991122,8.2,1414.09375,37.69091796875
8.0,33.0,0.4828204529985669,4.1,1414.09765625,37.69091796875
8.0,34.0,0.2888296210003318,3.4,1414.09765625,37.69091796875
8.0,35.0,0.3093992040012381,9.7,1414.1015625,37.69091796875
8.0,36.0,0.3228880400019989,10.9,1414.10546875,37.69091796875
8.0,37.0,0.20413318700229865,22.0,1414.10546875,37.69091796875
8.0,38.0,0.2757572600021376,20.0,1414.10546875,37.69091796875
8.0,39.0,0.18662601500182063,21.1,1414.14453125,37.69091796875
8.0,40.0,0.23079928799779736,13.0,1414.14453125,37.69091796875
8.0,41.0,0.2512462909980968,8.2,1414.14453125,37.69091796875
8.0,42.0,0.429918429999816,30.2,1414.14453125,37.69091796875
8.0,43.0,0.1852426479999849,8.3,1414.14453125,37.69091796875
8.0,44.0,0.16110009200201603,5.9,1414.1484375,37.69091796875
8.0,45.0,0.33223829599955934,16.9,1414.2578125,37.69091796875
8.0,46.0,0.15683835500021814,9.1,1414.26171875,37.69091796875
8.0,47.0,2.1064352659996075,47.5,1414.26171875,37.69091796875
8.0,48.0,0.4913567299990973,7.1,1414.26953125,37.69091796875
8.0,49.0,0.2706839190032042,20.4,1414.26953125,37.69091796875
8.0,50.0,0.24360019500090857,6.1,1414.26953125,37.69091796875
8.0,51.0,0.20310028699896066,20.0,1414.26953125,37.69091796875
8.0,52.0,0.2711840209994989,5.6,1414.26953125,37.69091796875
8.0,53.0,0.3415072780007904,20.3,1414.28125,37.69091796875
8.0,54.0,0.3058944779986632,16.4,1414.2890625,37.69091796875
8.0,55.0,0.7328840779991879,12.2,1414.2890625,37.69091796875
8.0,56.0,0.29832971900032135,18.6,1414.29296875,37.69091796875
8.0,57.0,0.6633821750001516,13.6,1414.296875,37.69091796875
8.0,58.0,0.1854077280004276,7.9,1414.296875,37.69091796875
8.0,59.0,0.26117457399959676,23.1,1414.3046875,37.69091796875
8.0,60.0,0.2098675489978632,11.9,1414.3046875,37.69091796875
8.0,61.0,0.23200721600005636,10.9,1414.30859375,37.69091796875
8.0,62.0,0.22895414999948116,15.2,1414.30859375,37.69091796875
8.0,63.0,0.2464074179988529,10.2,1414.31640625,37.69091796875
8.0,64.0,1.0835919829987688,8.3,1414.31640625,37.69091796875
8.0,65.0,0.24221344599936856,16.7,1414.3203125,37.69091796875
8.0,66.0,0.346483683999395,17.4,1414.33203125,37.69091796875
8.0,67.0,0.18332997799734585,10.8,1414.33203125,37.69091796875
8.0,68.0,0.3736946520002675,26.7,1414.3359375,37.69091796875
8.0,69.0,0.3255427170006442,12.3,1414.37109375,37.69091796875
8.0,70.0,0.15267074299845262,3.2,1414.37109375,37.69091796875
8.0,71.0,0.30090472400115686,15.0,1414.37109375,37.69091796875
8.0,72.0,0.2609046389989089,56.9,1414.375,37.69091796875
8.0,73.0,0.1712651729976642,2.9,1414.375,37.69091796875
8.0,74.0,0.7161093909999181,7.6,1414.375,37.69091796875
8.0,75.0,0.18902715199874365,5.3,1414.39453125,37.69091796875
8.0,76.0,0.3769623100015451,64.9,1414.3984375,37.69091796875
8.0,77.0,0.28422597099779523,73.2,1414.3984375,37.69091796875
8.0,78.0,0.29524101299830363,67.8,1414.41015625,37.69091796875
8.0,79.0,0.2615884190017823,66.0,1414.41015625,37.69091796875
8.0,80.0,0.4227487199968891,78.6,1414.46875,37.69091796875
8.0,81.0,0.30674126200028695,78.7,1414.46875,37.69091796875
8.0,82.0,0.2892814980004914,36.2,1414.46875,37.69091796875
8.0,83.0,0.2505754080011684,11.8,1414.46875,37.69091796875
8.0,84.0,0.20109633399988525,2.5,1414.47265625,37.69091796875
8.0,85.0,0.17444197799704853,11.4,1414.47265625,37.69091796875
8.0,86.0,0.24385086599795613,4.1,1414.47265625,37.69091796875
8.0,87.0,0.24587731100109522,22.0,1414.4765625,37.69091796875
8.0,88.0,0.2975238220024039,1.7,1414.4765625,37.69091796875
8.0,89.0,0.2253225129970815,17.8,1414.4765625,37.69091796875
8.0,90.0,0.2278383990014845,6.7,1414.48046875,37.69091796875
8.0,91.0,0.2457232099986868,10.2,1414.48828125,37.69091796875
8.0,92.0,0.30151457600004505,3.3,1414.4921875,37.69091796875
8.0,93.0,0.35108382100224844,27.1,1414.515625,37.69091796875
8.0,94.0,0.19023396700140438,5.3,1414.53125,37.69091796875
8.0,95.0,0.23279268099940964,6.4,1414.54296875,37.69091796875
8.0,96.0,0.3761717480010702,22.7,1414.61328125,37.69091796875
8.0,97.0,0.39707926800110727,30.0,1414.61328125,37.69091796875
8.0,98.0,0.2614213619999646,13.5,1414.734375,37.69091796875
8.0,99.0,0.27312571000220487,27.8,1414.734375,37.69091796875
8.0,100.0,0.2692751739996311,11.1,1414.734375,37.69091796875
9.0,1.0,0.23599832000036258,8.5,1414.734375,37.69091796875
9.0,2.0,0.2417903399982606,8.3,1414.734375,37.69091796875
9.0,3.0,0.41193165400181897,20.7,1414.734375,37.69091796875
9.0,4.0,0.3230170780007029,25.4,1414.734375,37.69091796875
9.0,5.0,0.21297978999791667,4.5,1414.734375,37.69091796875
9.0,6.0,0.291742590998183,19.0,1414.73828125,37.69091796875
9.0,7.0,0.30812741800036747,14.5,1414.73828125,37.69091796875
9.0,8.0,0.36637392600096064,21.9,1414.7421875,37.69091796875
9.0,9.0,0.3207079829990107,23.1,1414.74609375,37.69091796875
9.0,10.0,0.42099767200124916,32.1,1414.74609375,37.69091796875
9.0,11.0,0.2651523150016146,7.5,1414.74609375,37.69091796875
9.0,12.0,0.22236790099850623,9.3,1414.74609375,37.69091796875
9.0,13.0,0.27941773799830116,7.1,1414.74609375,37.69091796875
9.0,14.0,0.22213952700258233,19.6,1414.74609375,37.69091796875
9.0,15.0,0.22092950799924438,2.3,1414.74609375,37.69091796875
9.0,16.0,0.23485598199840751,18.8,1414.79296875,37.69091796875
9.0,17.0,0.2633940920022724,11.3,1414.79296875,37.69091796875
9.0,18.0,0.17709560399816837,8.3,1414.79296875,37.69091796875
9.0,19.0,0.22286739300034242,69.0,1414.8203125,37.69091796875
9.0,20.0,0.3774560570018366,67.1,1414.8203125,37.69091796875
9.0,21.0,0.23007401599898003,56.5,1414.8203125,37.69091796875
9.0,22.0,0.27123859700077446,67.9,1414.8203125,37.69091796875
9.0,23.0,0.48411390999899595,78.6,1414.8203125,37.69091796875
9.0,24.0,0.23018208500070614,65.2,1414.8203125,37.69091796875
9.0,25.0,0.30514797599971644,48.3,1414.8203125,37.69091796875
9.0,26.0,0.1984838040007162,5.0,1414.8203125,37.69091796875
9.0,27.0,0.22970284099938,6.5,1414.8203125,37.69091796875
9.0,28.0,0.3215114479971817,9.4,1414.8203125,37.69091796875
9.0,29.0,0.3012086089984223,20.0,1414.8203125,37.69091796875
9.0,30.0,0.2563474310009042,7.8,1414.828125,37.69091796875
9.0,31.0,0.42154357899926254,28.2,1414.84375,37.69091796875
9.0,32.0,0.35155281799961813,18.6,1414.91015625,37.69091796875
9.0,33.0,0.21972532200015849,9.1,1414.91015625,37.69091796875
9.0,34.0,0.3181055630011542,33.9,1414.9140625,37.69091796875
9.0,35.0,0.20191237699691555,17.1,1414.91796875,37.69091796875
9.0,36.0,0.29530744700241485,25.9,1414.9609375,37.69091796875
9.0,37.0,0.379108493001695,22.4,1414.96484375,37.69091796875
9.0,38.0,0.2987300780005171,21.3,1415.0234375,37.69091796875
9.0,39.0,0.22785325100267073,22.7,1415.02734375,37.69091796875
9.0,40.0,0.2606812630001514,13.2,1415.02734375,37.69091796875
9.0,41.0,0.2271618180020596,10.6,1415.03125,37.69091796875
9.0,42.0,0.1560652369989839,3.2,1415.0390625,37.69091796875
9.0,43.0,0.19868157399832853,12.5,1415.0390625,37.69091796875
9.0,44.0,0.1949628739967011,17.9,1415.0390625,37.69091796875
9.0,45.0,0.1992432339975494,2.5,1415.04296875,37.69091796875
9.0,46.0,0.2613376209992566,17.3,1415.04296875,37.69091796875
9.0,47.0,0.6634604609971575,12.1,1415.04296875,37.69091796875
9.0,48.0,0.19916605700200307,7.7,1415.04296875,37.69091796875
9.0,49.0,0.2482208619985613,14.0,1415.0703125,37.69091796875
9.0,50.0,0.2638882659994124,5.8,1415.07421875,37.69091796875
9.0,51.0,0.24596447599833482,17.6,1415.1328125,37.69091796875
9.0,52.0,0.2625496669970744,50.0,1415.15625,37.69091796875
9.0,53.0,0.279506612001569,12.5,1415.15625,37.69091796875
9.0,54.0,0.333267189002072,19.7,1415.1796875,37.69091796875
9.0,55.0,0.1905823609995423,10.5,1415.1953125,37.69091796875
9.0,56.0,0.21053621499959263,9.8,1415.21484375,37.69091796875
9.0,57.0,0.18812126100237947,12.8,1415.21484375,37.69091796875
9.0,58.0,0.36128025200014235,19.7,1415.21484375,37.69091796875
9.0,59.0,0.2538716760027455,11.3,1415.21484375,37.69091796875
9.0,60.0,0.4117989049991593,14.8,1415.23828125,37.69091796875
9.0,61.0,0.2013610760004667,12.5,1415.2421875,37.69091796875
9.0,62.0,0.22367845099870465,62.2,1415.2421875,37.69091796875
9.0,63.0,0.2726062309993722,79.2,1415.24609375,37.69091796875
9.0,64.0,0.3136327889988024,73.4,1415.24609375,37.69091796875
9.0,65.0,0.4263517639992642,58.8,1415.25,37.69091796875
9.0,66.0,0.28519290199983516,71.9,1415.25,37.69091796875
9.0,67.0,0.2321312370004307,67.4,1415.265625,37.69091796875
9.0,68.0,0.3198274489986943,34.9,1415.26953125,37.69091796875
9.0,69.0,0.19342734499878134,7.3,1415.28125,37.69091796875
9.0,70.0,0.2894512989987561,22.8,1415.3125,37.69091796875
9.0,71.0,0.3657392239983892,11.0,1415.33203125,37.69091796875
9.0,72.0,0.30080062600245583,11.7,1415.33203125,37.69091796875
9.0,73.0,0.2734714449979947,20.4,1415.36328125,37.69091796875
9.0,74.0,0.35268890599763836,5.7,1415.36328125,37.69091796875
9.0,75.0,0.42619861500133993,8.0,1415.36328125,37.69091796875
9.0,76.0,0.46140446399658686,30.8,1415.3671875,37.69091796875
9.0,77.0,0.33399884900063626,16.4,1415.3671875,37.69091796875
9.0,78.0,0.2709317300032126,11.1,1415.3671875,37.69091796875
9.0,79.0,0.31045136300235754,18.0,1415.44921875,37.69091796875
9.0,80.0,0.2854337049975584,17.2,1415.453125,37.69091796875
9.0,81.0,0.25986437300161924,17.3,1415.453125,37.69091796875
9.0,82.0,0.225453478997224,9.1,1415.46484375,37.69091796875
9.0,83.0,0.19906979900042643,15.0,1415.47265625,37.69091796875
9.0,84.0,0.7593331060015771,7.2,1415.5234375,37.69091796875
9.0,85.0,0.20425114300087444,22.0,1415.5234375,37.69091796875
9.0,86.0,0.34123957700285246,26.5,1415.609375,37.69091796875
9.0,87.0,0.2477376729984826,14.0,1415.609375,37.69091796875
9.0,88.0,0.24361993899947265,14.3,1415.609375,37.69091796875
9.0,89.0,0.22657219599932432,13.3,1415.609375,37.69091796875
9.0,90.0,0.23825804899752256,12.8,1415.609375,37.69091796875
9.0,91.0,1.1055474290005805,5.0,1415.61328125,37.69091796875
9.0,92.0,0.33724520200121333,4.5,1415.61328125,37.69091796875
9.0,93.0,0.19264606900105719,10.5,1415.61328125,37.69091796875
9.0,94.0,0.3165044939996733,20.3,1415.6171875,37.69091796875
9.0,95.0,0.28799746699951356,19.3,1415.62109375,37.69091796875
9.0,96.0,0.23639191800248227,12.5,1415.62109375,37.69091796875
9.0,97.0,0.2203975869997521,18.6,1415.62109375,37.69091796875
9.0,98.0,0.32237183100005495,12.1,1415.6328125,37.69091796875
9.0,99.0,0.36426307299916516,75.3,1415.6640625,37.69091796875
9.0,100.0,0.3707880319998367,72.6,1415.66796875,37.69091796875
10.0,1.0,0.31929754600059823,65.2,1415.66796875,37.69091796875
10.0,2.0,0.3768525400009821,81.1,1415.671875,37.69091796875
10.0,3.0,0.2228949059972365,63.6,1415.6796875,37.69091796875
10.0,4.0,0.4494610959991405,74.2,1415.7265625,37.69091796875
10.0,5.0,0.29546110999945085,8.3,1415.7265625,37.69091796875
10.0,6.0,1.240128994002589,8.5,1415.73046875,37.69091796875
10.0,7.0,0.25180033200012986,8.0,1415.73828125,37.69091796875
10.0,8.0,0.23587081500227214,8.5,1415.7421875,37.69091796875
10.0,9.0,0.22457143499923404,8.9,1415.7421875,37.69091796875
10.0,10.0,0.20001188999958686,7.5,1415.75,37.69091796875
10.0,11.0,0.3556286370003363,23.6,1415.76171875,37.69091796875
10.0,12.0,0.3002730049993261,23.7,1415.765625,37.69091796875
10.0,13.0,0.21555269199961913,18.2,1415.90625,37.69091796875
10.0,14.0,0.19552638300228864,5.1,1415.90625,37.69091796875
10.0,15.0,0.3756558060013049,9.3,1415.90625,37.69091796875
10.0,16.0,0.1809099009988131,2.8,1415.90625,37.69091796875
10.0,17.0,0.262966124999366,11.3,1415.90625,37.69091796875
10.0,18.0,0.1847536970017245,5.6,1415.90625,37.69091796875
10.0,19.0,0.2262038910012052,8.9,1415.90625,37.69091796875
10.0,20.0,0.24192510300053982,20.4,1415.90625,37.69091796875
10.0,21.0,0.4032892860013817,15.0,1415.91015625,37.69091796875
10.0,22.0,0.2050141280014941,9.8,1415.91015625,37.69091796875
10.0,23.0,0.21826487599901156,14.0,1415.91015625,37.69091796875
10.0,24.0,0.22832091100281104,6.5,1415.91015625,37.69091796875
10.0,25.0,0.2060817159981525,12.2,1415.91796875,37.69091796875
10.0,26.0,0.2623453900014283,17.0,1415.91796875,37.69091796875
10.0,27.0,0.23765206199823297,4.2,1415.94921875,37.69091796875
10.0,28.0,0.33762914299950353,22.4,1415.96484375,37.69091796875
10.0,29.0,0.3396994309987349,21.2,1415.98046875,37.69091796875
10.0,30.0,0.2142812940001022,15.9,1415.98046875,37.69091796875
10.0,31.0,0.2872674999998708,25.9,1415.98046875,37.69091796875
10.0,32.0,0.5521217959976639,6.4,1415.98046875,37.69091796875
10.0,33.0,0.23743923399888445,8.5,1415.9921875,37.69091796875
10.0,34.0,0.2169819139999163,20.5,1415.9921875,37.69091796875
10.0,35.0,0.22457268300058786,6.7,1415.99609375,37.69091796875
10.0,36.0,0.23685795699930168,14.9,1415.99609375,37.69091796875
10.0,37.0,0.28263945899743703,22.4,1416.0,37.69091796875
10.0,38.0,0.4207262259988056,34.9,1416.0,37.69091796875
10.0,39.0,0.2089846220005711,63.4,1416.0078125,37.69091796875
10.0,40.0,0.22477575700031593,62.2,1416.0703125,37.69091796875
10.0,41.0,0.40700990200275555,76.5,1416.07421875,37.69091796875
10.0,42.0,0.2042506690013397,66.7,1416.078125,37.69091796875
10.0,43.0,0.17129278100037482,58.8,1416.0859375,37.69091796875
10.0,44.0,0.303900077000435,66.7,1416.09765625,37.69091796875
10.0,45.0,0.39461274199857144,25.3,1416.09765625,37.69091796875
10.0,46.0,0.3442936940009531,10.3,1416.09765625,37.69091796875
10.0,47.0,0.24587375500050257,4.0,1416.09765625,37.69091796875
10.0,48.0,0.5007802959989931,13.1,1416.17578125,37.69091796875
10.0,49.0,0.22025547799785272,11.4,1416.17578125,37.69091796875
10.0,50.0,0.257103238000127,15.4,1416.17578125,37.69091796875
10.0,51.0,0.22636485900147818,20.0,1416.17578125,37.69091796875
10.0,52.0,0.19711780899888254,10.0,1416.17578125,37.69091796875
10.0,53.0,0.3240166030009277,14.1,1416.1796875,37.69091796875
10.0,54.0,0.21480925800278783,4.7,1416.1796875,37.69091796875
10.0,55.0,0.2514605139986088,13.7,1416.1796875,37.69091796875
10.0,56.0,0.2690587709985266,17.0,1416.18359375,37.69091796875
10.0,57.0,0.23500358000092092,8.3,1416.1875,37.69091796875
10.0,58.0,0.22499243899801513,2.2,1416.203125,37.69091796875
10.0,59.0,0.2513397109978541,16.0,1416.21875,37.69091796875
10.0,60.0,0.33001198599959025,29.9,1416.22265625,37.69091796875
10.0,61.0,0.25398774499990395,50.0,1416.2265625,37.69091796875
10.0,62.0,0.22286090499983402,13.6,1416.234375,37.69091796875
10.0,63.0,0.5129163870005868,4.9,1416.25,37.69091796875
10.0,64.0,0.31426946600186056,17.2,1416.2734375,37.69091796875
10.0,65.0,0.17125470799874165,5.9,1416.28515625,37.69091796875
10.0,66.0,0.32561803399948985,9.2,1416.33984375,37.69091796875
10.0,67.0,0.37948508100089384,17.1,1416.33984375,37.69091796875
10.0,68.0,0.3574472270011029,8.5,1416.33984375,37.69091796875
10.0,69.0,0.3977117409995117,15.0,1416.34375,37.69091796875
10.0,70.0,0.1915715770010138,7.9,1416.34375,37.69091796875
10.0,71.0,0.26459330299985595,19.2,1416.34375,37.69091796875
10.0,72.0,0.23577124800067395,6.2,1416.34765625,37.69091796875
10.0,73.0,0.18912390399782453,10.5,1416.34765625,37.69091796875
10.0,74.0,0.23170720399866696,15.2,1416.34765625,37.69091796875
10.0,75.0,0.2697653950017411,11.3,1416.3515625,37.69091796875
10.0,76.0,0.2541625320009189,7.7,1416.3515625,37.69091796875
10.0,77.0,0.2866819340015354,19.0,1416.3515625,37.69091796875
10.0,78.0,0.25057876700157067,8.0,1416.3515625,37.69091796875
10.0,79.0,0.19542804699813132,10.3,1416.36328125,37.69091796875
10.0,80.0,0.22052978500141762,11.4,1416.36328125,37.69091796875
10.0,81.0,0.2722432169975946,53.7,1416.39453125,37.69091796875
10.0,82.0,0.28823367600125493,70.2,1416.421875,37.69091796875
10.0,83.0,2.2551563960005296,37.5,1416.421875,37.69091796875
10.0,84.0,0.27783419999832404,23.2,1416.421875,37.69091796875
10.0,85.0,0.4425896600005217,19.3,1416.421875,37.69091796875
10.0,86.0,0.2338254619971849,10.4,1416.421875,37.69091796875
10.0,87.0,0.30057165200196323,28.8,1416.42578125,37.69091796875
10.0,88.0,0.4236651380015246,12.9,1416.44140625,37.69091796875
10.0,89.0,0.3136325140003464,25.4,1416.4453125,37.69091796875
10.0,90.0,0.15824378199977218,6.5,1416.4453125,37.69091796875
10.0,91.0,0.19687371799955145,5.0,1416.4453125,37.69091796875
10.0,92.0,1.0540817149994837,3.3,1416.4609375,37.69091796875
10.0,93.0,0.3182074050018855,15.9,1416.4609375,37.69091796875
10.0,94.0,0.2585479090012086,9.8,1416.4609375,37.69091796875
10.0,95.0,0.2258016060004593,15.6,1416.49609375,37.69091796875
10.0,96.0,0.19596233099946403,2.6,1416.5,37.69091796875
10.0,97.0,0.19233449300008942,5.1,1416.51171875,37.69091796875
10.0,98.0,0.6547319070014055,6.2,1416.51953125,37.69091796875
10.0,99.0,0.22381158000280266,15.2,1416.53125,37.69091796875
10.0,100.0,0.20196334499996738,7.7,1416.53125,37.69091796875
